<?xml version="1.0" encoding="UTF-8"?>
<project-private xmlns="http://www.netbeans.org/ns/project-private/1">
    <editor-bookmarks xmlns="http://www.netbeans.org/ns/editor-bookmarks/2" lastBookmarkId="0"/>
    <open-files xmlns="http://www.netbeans.org/ns/projectui-open-files/2">
        <group>
            <file>file:/C:/Users/Bayu%20Purnama%20Aji/Documents/NetBeansProjects/Sistem%20pengambilan%20krs/src/com/view/cruddosen.java</file>
            <file>file:/C:/Users/Bayu%20Purnama%20Aji/Documents/NetBeansProjects/Sistem%20pengambilan%20krs/src/com/view/crudMahasiswa.java</file>
            <file>file:/C:/Users/Bayu%20Purnama%20Aji/Documents/NetBeansProjects/Sistem%20pengambilan%20krs/src/com/view/homedosen.java</file>
            <file>file:/C:/Users/Bayu%20Purnama%20Aji/Documents/NetBeansProjects/Sistem%20pengambilan%20krs/src/com/model/person_parent.java</file>
            <file>file:/C:/Users/Bayu%20Purnama%20Aji/Documents/NetBeansProjects/Sistem%20pengambilan%20krs/src/com/view/homemhs.java</file>
            <file>file:/C:/Users/Bayu%20Purnama%20Aji/Documents/NetBeansProjects/Sistem%20pengambilan%20krs/src/com/model/Mahasiswa.java</file>
            <file>file:/C:/Users/Bayu%20Purnama%20Aji/Documents/NetBeansProjects/Sistem%20pengambilan%20krs/src/com/controller/DataBases.java</file>
            <file>file:/C:/Users/Bayu%20Purnama%20Aji/Documents/NetBeansProjects/Sistem%20pengambilan%20krs/src/com/model/mata_kuliah_wajib.java</file>
            <file>file:/C:/Users/Bayu%20Purnama%20Aji/Documents/NetBeansProjects/Sistem%20pengambilan%20krs/src/com/view/lihatmahasiswa.java</file>
            <file>file:/C:/Users/Bayu%20Purnama%20Aji/Documents/NetBeansProjects/Sistem%20pengambilan%20krs/src/com/controller/LoginControlDosen.java</file>
            <file>file:/C:/Users/Bayu%20Purnama%20Aji/Documents/NetBeansProjects/Sistem%20pengambilan%20krs/src/com/view/hapusmatakuliah.java</file>
            <file>file:/C:/Users/Bayu%20Purnama%20Aji/Documents/NetBeansProjects/Sistem%20pengambilan%20krs/src/com/view/lihatmatakuliah.java</file>
            <file>file:/C:/Users/Bayu%20Purnama%20Aji/Documents/NetBeansProjects/Sistem%20pengambilan%20krs/src/com/model/fakultas.java</file>
            <file>file:/C:/Users/Bayu%20Purnama%20Aji/Documents/NetBeansProjects/Sistem%20pengambilan%20krs/src/com/model/Mata_Kuliah.java</file>
            <file>file:/C:/Users/Bayu%20Purnama%20Aji/Documents/NetBeansProjects/Sistem%20pengambilan%20krs/src/com/view/crudmatakuliah.java</file>
            <file>file:/C:/Users/Bayu%20Purnama%20Aji/Documents/NetBeansProjects/Sistem%20pengambilan%20krs/src/com/view/ubahmahasiswa.java</file>
            <file>file:/C:/Users/Bayu%20Purnama%20Aji/Documents/NetBeansProjects/Sistem%20pengambilan%20krs/src/com/view/dosenlihatmatakuliah11.java</file>
            <file>file:/C:/Users/Bayu%20Purnama%20Aji/Documents/NetBeansProjects/Sistem%20pengambilan%20krs/src/com/view/lihatmatakuliah1.java</file>
            <file>file:/C:/Users/Bayu%20Purnama%20Aji/Documents/NetBeansProjects/Sistem%20pengambilan%20krs/src/com/view/homekrsmhs.java</file>
            <file>file:/C:/Users/Bayu%20Purnama%20Aji/Documents/NetBeansProjects/Sistem%20pengambilan%20krs/src/com/view/menu_admin.java</file>
            <file>file:/C:/Users/Bayu%20Purnama%20Aji/Documents/NetBeansProjects/Sistem%20pengambilan%20krs/src/com/view/ubahdosen.java</file>
            <file>file:/C:/Users/Bayu%20Purnama%20Aji/Documents/NetBeansProjects/Sistem%20pengambilan%20krs/src/com/model/prodi.java</file>
            <file>file:/C:/Users/Bayu%20Purnama%20Aji/Documents/NetBeansProjects/Sistem%20pengambilan%20krs/src/com/view/ubahmk.java</file>
            <file>file:/C:/Users/Bayu%20Purnama%20Aji/Documents/NetBeansProjects/Sistem%20pengambilan%20krs/src/com/controller/LoginControlmahasiswa.java</file>
            <file>file:/C:/Users/Bayu%20Purnama%20Aji/Documents/NetBeansProjects/Sistem%20pengambilan%20krs/src/com/view/tampilan_login.java</file>
            <file>file:/C:/Users/Bayu%20Purnama%20Aji/Documents/NetBeansProjects/Sistem%20pengambilan%20krs/src/com/view/lihatdosen.java</file>
            <file>file:/C:/Users/Bayu%20Purnama%20Aji/Documents/NetBeansProjects/Sistem%20pengambilan%20krs/src/com/view/hapusmahasiswa.java</file>
            <file>file:/C:/Users/Bayu%20Purnama%20Aji/Documents/NetBeansProjects/Sistem%20pengambilan%20krs/src/com/view/hapusdosen.java</file>
            <file>file:/C:/Users/Bayu%20Purnama%20Aji/Documents/NetBeansProjects/Sistem%20pengambilan%20krs/src/com/view/homekrsdosen.java</file>
            <file>file:/C:/Users/Bayu%20Purnama%20Aji/Documents/NetBeansProjects/Sistem%20pengambilan%20krs/src/com/model/Dosen.java</file>
            <file>file:/C:/Users/Bayu%20Purnama%20Aji/Documents/NetBeansProjects/Sistem%20pengambilan%20krs/src/com/model/mata_kuliah_peminatan.java</file>
        </group>
    </open-files>
</project-private>
